{
    "$schema": "http://schema.management.azure.com/schemas/2015-01-01/deploymentTemplate.json#",
    "contentVersion": "1.0.0.0",
    "parameters": {
        "vaultName": {
            "type": "string"
        }
    },
    "variables": {
        "secretName": "vmPassword"
    },
    "resources": [
        {
            "apiVersion": "2016-10-01",
            "type": "Microsoft.KeyVault/vaults/secrets",
            "name": "[concat(parameters('vaultName'), '/', variables('secretName'))]",
            "properties": {
                "contentType": "text/plain",
                "value": "StudentPa$$w.rd"
            }
        }
    ]
}
